"","locus","Indiv","gt","haplo.1","haplo.2","haplo.3","haplo.4","depth.1","depth.2","depth.3","depth.4","num.haps"
"1","locus019","z0005700","A/A","A","N",NA,NA,67,4,0,0,"1"
"2","locus019","z0005700b","A/N","A","N",NA,NA,57,36,0,0,"2"
"3","locus019","z0005694b","A/G","G","A","N",NA,29,28,23,0,"3"
"4","locus019","z0005694","G/N","N","G","A",NA,24,20,19,0,"3"
"5","locus019","z0005710","A/A","A","N",NA,NA,128,12,0,0,"1"
"6","locus019","z0005710b","A/N","A","N",NA,NA,41,22,0,0,"2"
"7","Dc48950","z0005650","AT/GT","GT","AT","GC",NA,21,17,5,0,"2"
"8","Dc48950","z0005650b","AT/AT","AT","GT","GC",NA,18,4,1,0,"1"
"9","Dc13592","z0198417b","AC/AC","AC","GC",NA,NA,21,4,0,0,"1"
"10","Dc13592","z0198417","AC/GC","AC","GC",NA,NA,17,15,0,0,"2"
